{
  "SiLU": {
    "mean_effective_rank": 27.728263282775877,
    "std_effective_rank": 2.7712046218651416,
    "median_effective_rank": 27.21772003173828,
    "mean_stable_rank": 16.91693937301636,
    "std_stable_rank": 2.479673998823802,
    "median_stable_rank": 16.59165859222412,
    "mean_log_det_J": -94.1659684753418,
    "std_log_det_J": 9.624821236529874,
    "median_log_det_J": -95.06204223632812,
    "mean_condition_number": 475.51298721313475,
    "std_condition_number": 716.7679267620805,
    "median_condition_number": 173.66686248779297,
    "mean_frobenius_norm": 2.2246105313301086,
    "std_frobenius_norm": 0.18277453652666964,
    "median_frobenius_norm": 2.2238863706588745,
    "mean_spectral_gap": 1.0118518304824828,
    "std_spectral_gap": 0.00797975585743115,
    "median_spectral_gap": 1.0098508596420288,
    "mean_nuclear_norm": 12.62931962966919,
    "std_nuclear_norm": 1.5008743937083053,
    "median_nuclear_norm": 12.45921277999878,
    "mean_sv_entropy": 3.5760537576675415,
    "std_sv_entropy": 0.0576191466975886,
    "median_sv_entropy": 3.5678775310516357,
    "mean_output_variance": 0.10642006233334542,
    "std_output_variance": 0.03603184651639539,
    "median_output_variance": 0.10500564053654671,
    "mean_output_range": 1.7038586246967315,
    "std_output_range": 0.3780680770537566,
    "median_output_range": 1.7317020893096924,
    "mean_normalized_eff_rank": 0.5658829241382832,
    "std_normalized_eff_rank": 0.05655519636459471,
    "median_normalized_eff_rank": 0.5554636741171077
  },
  "Softplus_1": {
    "mean_effective_rank": 33.50664363861084,
    "std_effective_rank": 2.3264196316821035,
    "median_effective_rank": 33.62067413330078,
    "mean_stable_rank": 17.724593048095702,
    "std_stable_rank": 2.165894098611466,
    "median_stable_rank": 17.35532855987549,
    "mean_log_det_J": -80.24578201293946,
    "std_log_det_J": 6.30846457769713,
    "median_log_det_J": -80.74080276489258,
    "mean_condition_number": 16.728429889678956,
    "std_condition_number": 6.18986861522555,
    "median_condition_number": 15.715126991271973,
    "mean_frobenius_norm": 1.8725032830238342,
    "std_frobenius_norm": 0.1291234628229335,
    "median_frobenius_norm": 1.8632641434669495,
    "mean_spectral_gap": 1.0213870239257812,
    "std_spectral_gap": 0.013511207860035708,
    "median_spectral_gap": 1.0195359587669373,
    "mean_nuclear_norm": 11.635428485870362,
    "std_nuclear_norm": 1.0383749173224177,
    "median_nuclear_norm": 11.489851951599121,
    "mean_sv_entropy": 3.7403210496902464,
    "std_sv_entropy": 0.03250194269198186,
    "median_sv_entropy": 3.739354729652405,
    "mean_output_variance": 0.13114264145493507,
    "std_output_variance": 0.03376287746360795,
    "median_output_variance": 0.13050433993339539,
    "mean_output_range": 2.349771637916565,
    "std_output_range": 0.32838129803319543,
    "median_output_range": 2.3765395879745483,
    "mean_normalized_eff_rank": 0.6838090538492009,
    "std_normalized_eff_rank": 0.0474779516669817,
    "median_normalized_eff_rank": 0.6861362068020568
  },
  "Softplus_10": {
    "mean_effective_rank": 27.058483505249022,
    "std_effective_rank": 3.0452824099806746,
    "median_effective_rank": 26.65464210510254,
    "mean_stable_rank": 19.75640329360962,
    "std_stable_rank": 3.1645708844236258,
    "median_stable_rank": 19.57817268371582,
    "mean_log_det_J": -124.32797103881836,
    "std_log_det_J": 27.27079071984365,
    "median_log_det_J": -121.34406661987305,
    "mean_condition_number": 97343.91180664062,
    "std_condition_number": 281380.2156189713,
    "median_condition_number": 6649.366943359375,
    "mean_frobenius_norm": 2.167245647907257,
    "std_frobenius_norm": 0.17265568624034677,
    "median_frobenius_norm": 2.165123462677002,
    "mean_spectral_gap": 1.0009664750099183,
    "std_spectral_gap": 0.0016564029931268951,
    "median_spectral_gap": 1.0003503561019897,
    "mean_nuclear_norm": 11.969912967681886,
    "std_nuclear_norm": 1.5620148580573434,
    "median_nuclear_norm": 11.769744873046875,
    "mean_sv_entropy": 3.496640191078186,
    "std_sv_entropy": 0.09186448030979974,
    "median_sv_entropy": 3.497218370437622,
    "mean_output_variance": 0.11476637408137322,
    "std_output_variance": 0.03520495109806365,
    "median_output_variance": 0.11395462602376938,
    "mean_output_range": 1.9779306721687318,
    "std_output_range": 0.3626897361222169,
    "median_output_range": 2.0247604846954346,
    "mean_normalized_eff_rank": 0.5522139490867147,
    "std_normalized_eff_rank": 0.06214862061185048,
    "median_normalized_eff_rank": 0.5439722878592355
  },
  "tanh": {
    "mean_effective_rank": 25.58189395904541,
    "std_effective_rank": 2.204818544898736,
    "median_effective_rank": 25.7855806350708,
    "mean_stable_rank": 12.105080614089966,
    "std_stable_rank": 1.6897901763946646,
    "median_stable_rank": 12.12485122680664,
    "mean_log_det_J": -66.44594398498535,
    "std_log_det_J": 9.387005786455147,
    "median_log_det_J": -65.17398071289062,
    "mean_condition_number": 85.12814426422119,
    "std_condition_number": 60.87174028869412,
    "median_condition_number": 68.70328521728516,
    "mean_frobenius_norm": 3.555902361869812,
    "std_frobenius_norm": 0.3038790867599879,
    "median_frobenius_norm": 3.514090418815613,
    "mean_spectral_gap": 1.043341805934906,
    "std_spectral_gap": 0.03214248470360873,
    "median_spectral_gap": 1.0364445447921753,
    "mean_nuclear_norm": 19.957323684692383,
    "std_nuclear_norm": 2.2315774437982596,
    "median_nuclear_norm": 19.796367645263672,
    "mean_sv_entropy": 3.5866969203948975,
    "std_sv_entropy": 0.05080603933699858,
    "median_sv_entropy": 3.587618589401245,
    "mean_output_variance": 0.19133868396282197,
    "std_output_variance": 0.013032457706572612,
    "median_output_variance": 0.19092994183301926,
    "mean_output_range": 1.9868930172920227,
    "std_output_range": 0.20346956320831489,
    "median_output_range": 1.9765299558639526,
    "mean_normalized_eff_rank": 0.5220794685519471,
    "std_normalized_eff_rank": 0.04499629683466808,
    "median_normalized_eff_rank": 0.5262363394912408
  },
  "ReLU": {
    "mean_effective_rank": 26.609868087768554,
    "std_effective_rank": 3.0454999431504177,
    "median_effective_rank": 26.537687301635742,
    "mean_stable_rank": 20.24657922744751,
    "std_stable_rank": 3.3216125615162535,
    "median_stable_rank": 19.908913612365723,
    "mean_log_det_J": -177.42195770263672,
    "std_log_det_J": 59.55430821328207,
    "median_log_det_J": -170.11377716064453,
    "mean_condition_number": 182972393.8896971,
    "std_condition_number": 560286057.3310747,
    "median_condition_number": 37711510.0,
    "mean_frobenius_norm": 2.1948782277107237,
    "std_frobenius_norm": 0.17788069843059043,
    "median_frobenius_norm": 2.1837100982666016,
    "mean_spectral_gap": 1.0001379203796388,
    "std_spectral_gap": 0.00034125336119410953,
    "median_spectral_gap": 1.0000003576278687,
    "mean_nuclear_norm": 11.953572731018067,
    "std_nuclear_norm": 1.609194151703411,
    "median_nuclear_norm": 11.944384098052979,
    "mean_sv_entropy": 3.4568909120559694,
    "std_sv_entropy": 0.09990775436430055,
    "median_sv_entropy": 3.45501172542572,
    "mean_output_variance": 0.11465704783797265,
    "std_output_variance": 0.035208962172291865,
    "median_output_variance": 0.11383649706840515,
    "mean_output_range": 1.9734008383750916,
    "std_output_range": 0.3629282932932581,
    "median_output_range": 2.0220826864242554,
    "mean_normalized_eff_rank": 0.5430585324034398,
    "std_normalized_eff_rank": 0.06215306006429423,
    "median_normalized_eff_rank": 0.5415854551354233
  },
  "abs": {
    "mean_effective_rank": 39.604189224243164,
    "std_effective_rank": 0.5947381579230474,
    "median_effective_rank": 39.58775520324707,
    "mean_stable_rank": 32.28250862121582,
    "std_stable_rank": 0.8171617884695253,