{
  "uniform_50": {
    "method": "uniform",
    "n_points": 5000,
    "runs": [
      {
        "train_losses": [
          0.2628832392791907,
          0.01908275367319584,
          0.007550601435204347,
          0.003986486670250694,
          0.0022801992042611042,
          0.0016229994762688876,
          0.0012289980755498013,
          0.0009093028996139765,
          0.0007214135204752286,
          0.0005457356112698714,
          0.0004843554416826616,
          0.0003614595998854687,
          0.0003195460426310698,
          0.0003021086952649057,
          0.0002858826751665523,
          0.0002030278090387583,
          0.00016021647797121355,
          0.00014177438558544964,
          0.00012552362794910246,
          0.0001012676745109881
        ],
        "val_accs": [
          1.0,
          1.0,
          1.0,
          1.0,
          1.0,
          1.0,
          1.0,
          1.0,
          1.0,
          1.0,
          1.0,
          1.0,
          1.0,
          1.0,
          1.0,
          1.0,
          1.0,
          1.0,
          1.0,
          1.0
        ],
        "test_acc": 1.0,
        "train_time_sec": 14.62987363198772,
        "n_points": 5000
      },
      {
        "train_losses": [
          0.23423792312542596,
          0.017145091384649275,
          0.006926022994021575,
          0.0037520097450663647,
          0.0022558160927146674,
          0.001566854225161175,
          0.0011268473134065668,
          0.0008832037838486334,
          0.0006924180400868257,
          0.0005292690501858791,
          0.00045830937599142393,
          0.0003705174809632202,
          0.00030197132215835154,
          0.0002469085579893241,
          0.00021454887856574108,
          0.00018527144523492703,
          0.00016523411749706915,
          0.0001365243864711374,
          0.00012620799487922342,
          0.00010147720222206165
        ],
        "val_accs": [
          1.0,
          1.0,
          1.0,
          1.0,
          1.0,
          1.0,
          1.0,
          1.0,
          1.0,
          1.0,
          1.0,
          1.0,
          1.0,
          1.0,
          1.0,
          1.0,
          1.0,
          1.0,
          1.0,
          1.0
        ],
        "test_acc": 1.0,
        "train_time_sec": 13.938496981980279,
        "n_points": 5000
      }
    ],
    "avg_test_acc": 1.0,
    "std_test_acc": 0.0,
    "avg_train_time": 14.284185306984
  },
  "uniform_100": {
    "method": "uniform",
    "n_points": 20000,
    "runs": [
      {
        "train_losses": [
          0.26253957496086755,
          0.019086080104112627,
          0.0075610752354065575,
          0.003992034460728367,
          0.0022862821569045386,
          0.0016271327743306756,
          0.0012341680681953828,
          0.0009118391990972062,
          0.0007222746404198308,
          0.0005463752914220094,
          0.0004849219632645448,
          0.00036199087649583817,
          0.00032018893072381616,
          0.0002989046223616848,
          0.00027492712073338526,
          0.00020274022159477075,
          0.00016058134159538894,
          0.00014268520559805134,
          0.00012616238937092323,
          0.00010172913799760863
        ],
        "val_accs": [
          1.0,
          1.0,
          1.0,
          1.0,
          1.0,
          1.0,
          1.0,
          1.0,
          1.0,
          1.0,
          1.0,
          1.0,
          1.0,
          1.0,
          1.0,
          1.0,
          1.0,
          1.0,
          1.0,
          1.0
        ],
        "test_acc": 1.0,
        "train_time_sec": 45.414818956982344,
        "n_points": 20000
      },
      {
        "train_losses": [
          0.23400994563102723,
          0.01711828991274039,
          0.0069191846313575904,
          0.0037531544820715982,
          0.002255306700244546,
          0.0015664165227984388,
          0.0011281579167892535,
          0.0008825711784884334,
          0.0006937414210600157,
          0.0005299750717046361,
          0.0004597241550994416,
          0.0003709694690381487,
          0.00030198120162822306,
          0.00024712947166214387,
          0.00021541908480382215,
          0.00018584804399870335,
          0.00016540984887008866,
          0.00013681841886136682,
          0.00012649210014690956,
          0.00010162859968841076
        ],
        "val_accs": [
          1.0,
          1.0,
          1.0,
          1.0,
          1.0,
          1.0,
          1.0,
          1.0,
          1.0,
          1.0,
          1.0,
          1.0,
          1.0,
          1.0,
          1.0,
          1.0,
          1.0,
          1.0,
          1.0,
          1.0
        ],
        "test_acc": 1.0,
        "train_time_sec": 43.69002118508797,
        "n_points": 20000
      }
    ],
    "avg_test_acc": 1.0,
    "std_test_acc": 0.0,
    "avg_train_time": 44.55242007103516
  },
  "gauss_legendre": {
    "method": "gauss_legendre",
    "n_points": 242,
    "runs": [
      {
        "train_losses": [
          0.26308367878198624,
          0.018978185926874478,
          0.007494265843182802,
          0.0039891198550661405,
          0.002295214100430409,
          0.0016173412209997573,
          0.0012347595561295747,
          0.0009162027205651005,
          0.0007284903675317764,
          0.0005569405128868917,
          0.000490372137632221,
          0.00036534138194595776,
          0.00032375595415942373,
          0.00029931985672252873,
          0.0002411746452950562,
          0.00020075381939144184,
          0.00016209528179994475,
          0.0001449149042600766,
          0.0001293627840738433,
          0.00010332811610229935
        ],
        "val_accs": [
          1.0,
          1.0,
          1.0,
          1.0,
          1.0,
          1.0,
          1.0,
          1.0,
          1.0,
          1.0,
          1.0,
          1.0,
          1.0,
          1.0,
          1.0,
          1.0,
          1.0,
          1.0,
          1.0,
          1.0
        ],
        "test_acc": 1.0,
        "train_time_sec": 7.311700405087322,
        "n_points": 242
      },
      {
        "train_losses": [
          0.22987716374794642,
          0.01698669652889172,
          0.006934252134213845,
          0.003748131729041537,
          0.002218504780282577,
          0.001555395387733976,
          0.001121810066824158,
          0.0008819760124509533,
          0.0006846390541953345,
          0.000524192379321903,
          0.00046341067831963303,
          0.00036380423861555756,
          0.0003008386230406662,
          0.00024663054353247084,
          0.0002156971524236724,
          0.00018415668715412417,
          0.00016314068634528666,
          0.00013540931057650596,
          0.00012543055549031124,
          0.00010109818160223465
        ],
        "val_accs": [
          1.0,
          1.0,
          1.0,
          1.0,
          1.0,
          1.0,
          1.0,
          1.0,
          1.0,
          1.0,
          1.0,
          1.0,
          1.0,
          1.0,
          1.0,
          1.0,
          1.0,
          1.0,
          1.0,
          1.0
        ],
        "test_acc": 1.0,
        "train_time_sec": 7.278371158055961,
        "n_points": 242
      }
    ],
    "avg_test_acc": 1.0,
    "std_test_acc": 0.0,
    "avg_train_time": 7.295035781571642
  },
  "lebedev_15": {
    "method": "lebedev",
    "n_points": 86,