{
  "args": {
    "config": "fairchem_default",
    "batch_size": 8,
    "n_repeats": 3,
    "n_iter": 30,
    "n_warmup": 20
  },
  "summary": {
    "DH default": {
      "mean_ms": 111.8291967186249,
      "std_ms": 3.8084142122241538,
      "ci95_ms": 0.786826528020301,
      "per_run_means": [
        112.32404223798464,
        111.7963435749213,
        111.36720434296876
      ],
      "n_iterations_total": 90
    },
    "DH 2x": {
      "mean_ms": 162.72555614769874,
      "std_ms": 5.9578568861272085,
      "ci95_ms": 1.2309059852540538,
      "per_run_means": [
        162.60163589225462,
        162.3538859343777,
        163.22114661646387
      ],
      "n_iterations_total": 90
    },
    "GL match-DH": {
      "mean_ms": 112.23373024517463,
      "std_ms": 3.6152964733964557,
      "ci95_ms": 0.7469279898168663,
      "per_run_means": [
        112.33347776190688,
        112.07033982500434,
        112.29737314861268
      ],
      "n_iterations_total": 90
    },
    "GL 2x": {
      "mean_ms": 111.3356311676196,
      "std_ms": 3.6805409239717632,
      "ci95_ms": 0.7604076329591443,
      "per_run_means": [
        111.07623307810475,
        111.12587150807182,
        111.8047889166822
      ],
      "n_iterations_total": 90
    }
  },
  "raw_iterations": {
    "DH default": [
      [
        116.34094594046474,
        107.62257198803127,
        109.81018282473087,
        115.34168384969234,
        107.46230115182698,
        110.2141949813813,
        115.09091896004975,
        106.30219709128141,
        109.91589818149805,
        116.06937204487622,
        106.69677006080747,
        110.47407705336809,
        116.04005401022732,
        107.03304200433195,
        109.79876108467579,
        119.67393406666815,
        107.8317160718143,
        110.1783961057663,
        116.15198198705912,
        108.36257296614349,
        111.29233008250594,
        118.0047548841685,
        109.66829815879464,
        112.50925506465137,
        117.99596878699958,
        109.57315401174128,
        113.65048284642398,
        121.98334210552275,
        113.65542095154524,
        114.97668782249093
      ],
      [
        115.92573602683842,
        108.11213217675686,
        111.39472085051239,
        116.49086000397801,
        107.61471907608211,
        110.62471196055412,
        117.2440170776099,
        107.98941506072879,
        110.35938817076385,
        116.46485910750926,
        108.1981270108372,
        110.33054301515222,
        116.32492789067328,
        107.59557201527059,
        111.0209678299725,
        117.04117408953607,
        108.22484898380935,
        110.78859912231565,
        116.56123585999012,
        108.27254201285541,
        110.58076680637896,
        116.32524896413088,
        108.31244895234704,
        110.32646405510604,
        116.8621180113405,
        108.38367603719234,
        110.73888302780688,
        116.28250707872212,
        108.4004589356482,
        111.09863803721964
      ],
      [
        115.4595329426229,
        107.0182139519602,
        111.41099198721349,
        117.97548015601933,
        108.82384702563286,
        109.60332513786852,
        114.83222991228104,
        106.68156202882528,
        109.76686188951135,
        115.66694499924779,
        109.8563140258193,
        113.55236498638988,
        117.52754310145974,
        110.43004388920963,
        113.53098205290735,
        115.50647509284317,
        107.17987595126033,
        109.02906488627195,
        115.5350690241903,
        106.5688650123775,
        109.75540010258555,
        114.91465987637639,
        106.50526103563607,
        110.16996088437736,
        114.96974597685039,
        107.01582999899983,
        110.16915901564062,
        115.52591202780604,
        106.52629216201603,
        109.50832115486264
      ]
    ],
    "DH 2x": [
      [
        171.08804313465953,
        156.55046980828047,
        162.12176904082298,
        170.91476800851524,
        156.51010302826762,
        162.0259319897741,
        170.81343196332455,
        156.34343004785478,
        162.14247792959213,
        170.8277091383934,
        156.452541006729,
        161.9549950119108,
        170.83834996446967,
        156.39296686276793,
        160.99435603246093,
        169.5483538787812,
        155.17307608388364,
        160.46997299417853,
        169.28763990290463,
        155.90526210144162,
        162.0429961476475,
        169.2666788585484,
        154.79041589424014,
        160.49102297984064,
        169.86715118400753,
        154.84715579077601,
        160.56852298788726,
        171.41543794423342,
        157.37439808435738,
        161.02964896708727
      ],
      [
        170.8526520524174,
        156.39487304724753,
        162.0871650520712,
        170.89865100570023,
        156.46031987853348,
        162.7416608389467,
        170.93008081428707,
        156.35085804387927,
        162.16268204152584,
        170.88222899474204,
        156.39649610966444,
        162.03986294567585,
        170.16479186713696,
        154.27482197992504,
        160.30894382856786,
        168.82765386253595,
        154.84161884523928,
        162.17431402765214,
        169.61626918055117,
        154.51220097020268,
        161.3017269410193,
        170.68331292830408,
        157.55137987434864,
        160.70565301924944,
        168.89403318054974,
        154.60829786024988,
        160.1361210923642,
        168.8475429546088,
        154.67714983969927,
        160.29321495443583
      ],
      [
        169.98736700043082,
        155.06690298207104,
        160.6121000368148,
        169.46667898446321,
        156.09559300355613,
        162.84712310880423,
        171.62115592509508,
        157.16470079496503,
        162.91055595502257,
        171.53040203265846,
        157.00555290095508,
        162.60914294980466,
        171.54268501326442,
        157.1221488993615,
        162.7032549586147,
        171.5986030176282,
        156.9576000329107,
        162.1183541137725,
        169.7853149380535,
        155.2102391142398,
        161.86266904696822,
        170.0706270057708,
        156.4653378445655,
        162.49426105059683,
        171.2178559973836,
        156.97870193980634,
        162.7456359565258,
        170.37819186225533,
        157.8732409980148,
        162.5924010295421
      ]
    ],